{
    "extrinsic": [
        [
            0.14037810993892774,
            0.9899046466714878,
            -0.019564681141573354,
            -140.43961690474885
        ],
        [
            0.013140466708850487,
            -0.021621326751467676,
            -0.999679871941103,
            90.70881709285963
        ],
        [
            -0.9900107647822058,
            0.14007608192587123,
            -0.0160429700382661,
            377.2592145857082
        ],
        [
            0.0,
            0.0,
            0.0,
            1.0
        ]
    ],
    "intrinsic": {
        "width": 1920,
        "height": 1080,
        "fx": 935.3074360871938,
        "fy": 935.3074360871938,
        "cx": 959.5,
        "cy": 539.5
    }
}